Series Name,Series Code,Country Name,Country Code,1990 [YR1990],2000 [YR2000],2012 [YR2012],2013 [YR2013],2014 [YR2014],2015 [YR2015],2016 [YR2016],2017 [YR2017],2018 [YR2018],2019 [YR2019],2020 [YR2020],2021 [YR2021]
"Unemployment, total (% of total labor force) (modeled ILO estimate)",SL.UEM.TOTL.ZS,World,WLD,..,5.76325054490739,5.73882305509807,5.72975854553376,5.60742512017036,5.62734982052924,5.66453189427628,5.56412016346653,5.39537117389181,5.36036759685928,6.57818443240486,6.17961148599207
"Unemployment, total (% of total labor force) (modeled ILO estimate)",SL.UEM.TOTL.ZS,Afghanistan,AFG,..,10.8059997558594,11.3409996032715,11.1929998397827,11.1420001983643,11.1269998550415,11.1579999923706,11.1800003051758,11.1520004272461,11.2170000076294,11.710000038147,13.2829999923706
"Unemployment, total (% of total labor force) (modeled ILO estimate)",SL.UEM.TOTL.ZS,Albania,ALB,..,19.0279998779297,13.3800001144409,15.8699998855591,18.0499992370605,17.1900005340576,15.4200000762939,13.6199998855591,12.3000001907349,11.4700002670288,13.3290004730225,11.8190002441406
"Unemployment, total (% of total labor force) (modeled ILO estimate)",SL.UEM.TOTL.ZS,Algeria,DZA,..,29.7700004577637,10.9700002670288,9.81999969482422,10.210000038147,11.210000038147,10.1999998092651,10.3330001831055,10.4200000762939,10.5129995346069,12.5500001907349,12.7040004730225
"Unemployment, total (% of total labor force) (modeled ILO estimate)",SL.UEM.TOTL.ZS,American Samoa,ASM,..,..,..,..,..,..,..,..,..,..,..,..
"Unemployment, total (% of total labor force) (modeled ILO estimate)",SL.UEM.TOTL.ZS,Andorra,AND,..,..,..,..,..,..,..,..,..,..,..,..
"Unemployment, total (% of total labor force) (modeled ILO estimate)",SL.UEM.TOTL.ZS,Angola,AGO,..,4.03000020980835,7.34700012207031,7.36600017547607,7.37200021743774,7.39200019836426,7.41200017929077,7.40799999237061,7.4210000038147,7.4210000038147,8.33300018310547,8.52999973297119
"Unemployment, total (% of total labor force) (modeled ILO estimate)",SL.UEM.TOTL.ZS,Antigua and Barbuda,ATG,..,..,..,..,..,..,..,..,..,..,..,..
"Unemployment, total (% of total labor force) (modeled ILO estimate)",SL.UEM.TOTL.ZS,Argentina,ARG,..,15,7.21999979019165,7.09999990463257,7.26999998092651,7.52099990844727,8.11100006103516,8.35000038146973,9.22000026702881,9.84000015258789,11.460000038147,10.9020004272461
"Unemployment, total (% of total labor force) (modeled ILO estimate)",SL.UEM.TOTL.ZS,Armenia,ARM,..,11.0480003356934,17.2999992370605,16.1800003051758,17.5,18.2600002288818,17.6200008392334,17.7000007629395,18.9699993133545,18.2999992370605,21.2059993743896,20.8969993591309
"Unemployment, total (% of total labor force) (modeled ILO estimate)",SL.UEM.TOTL.ZS,Aruba,ABW,..,..,..,..,..,..,..,..,..,..,..,..
"Unemployment, total (% of total labor force) (modeled ILO estimate)",SL.UEM.TOTL.ZS,Australia,AUS,..,6.28000020980835,5.21999979019165,5.65999984741211,6.07999992370605,6.05000019073486,5.71000003814697,5.59000015258789,5.30000019073486,5.15999984741211,6.46000003814697,5.11199998855591
"Unemployment, total (% of total labor force) (modeled ILO estimate)",SL.UEM.TOTL.ZS,Austria,AUT,..,4.69000005722046,4.86999988555908,5.32999992370605,5.61999988555908,5.71999979019165,6.01000022888184,5.5,4.84999990463257,4.48999977111816,5.3600001335144,6.30100011825562
"Unemployment, total (% of total labor force) (modeled ILO estimate)",SL.UEM.TOTL.ZS,Azerbaijan,AZE,..,11.7799997329712,5.19000005722046,4.96999979019165,4.90999984741211,4.96000003814697,5,5,4.90000009536743,4.84999990463257,6.46299982070923,6.58300018310547
"Unemployment, total (% of total labor force) (modeled ILO estimate)",SL.UEM.TOTL.ZS,"Bahamas, The",BHS,..,7.20100021362305,14.0200004577637,16.1800003051758,13.8000001907349,12,12.6999998092651,9.80000019073486,10,10.0609998703003,13.3210000991821,13.2390003204346
"Unemployment, total (% of total labor force) (modeled ILO estimate)",SL.UEM.TOTL.ZS,Bahrain,BHR,..,1.08399999141693,1.20000004768372,1.18400001525879,1.19000005722046,1.20200002193451,1.19099998474121,1.18299996852875,1.20099997520447,1.19599997997284,1.78100001811981,1.87399995326996
"Unemployment, total (% of total labor force) (modeled ILO estimate)",SL.UEM.TOTL.ZS,Bangladesh,BGD,..,3.26999998092651,4.11899995803833,4.42999982833862,4.38399982452393,4.36600017547607,4.34999990463257,4.36999988555908,4.41300010681152,4.43800020217896,5.41300010681152,5.22900009155273
"Unemployment, total (% of total labor force) (modeled ILO estimate)",SL.UEM.TOTL.ZS,Barbados,BRB,..,9.35000038146973,11.5900001525879,11.5500001907349,12.1700000762939,9.80000019073486,8.25,8.61999988555908,8.31999969482422,8.40999984741211,10.3769998550415,10.4130001068115
"Unemployment, total (% of total labor force) (modeled ILO estimate)",SL.UEM.TOTL.ZS,Belarus,BLR,..,12.2620000839233,6.05100011825562,6.00600004196167,5.99399995803833,5.84000015258789,5.84000015258789,5.65000009536743,4.76000022888184,4.15999984741211,4.76800012588501,4.73600006103516
"Unemployment, total (% of total labor force) (modeled ILO estimate)",SL.UEM.TOTL.ZS,Belgium,BEL,..,6.59000015258789,7.53999996185303,8.43000030517578,8.52000045776367,8.47999954223633,7.82999992370605,7.09000015258789,5.94999980926514,5.3600001335144,5.55000019073486,6.42000007629395
"Unemployment, total (% of total labor force) (modeled ILO estimate)",SL.UEM.TOTL.ZS,Belize,BLZ,..,10.8509998321533,8.30599975585938,8.35000038146973,8.23999977111816,7.57999992370605,7,6.59999990463257,6.64400005340576,6.71099996566772,8.46199989318848,8.2189998626709
"Unemployment, total (% of total labor force) (modeled ILO estimate)",SL.UEM.TOTL.ZS,Benin,BEN,..,0.851000010967255,2.47099995613098,2.28699994087219,2.13299989700317,2.00699996948242,1.82799994945526,1.64400005340576,1.47000002861023,1.47000002861023,1.58399999141693,1.57400000095367
"Unemployment, total (% of total labor force) (modeled ILO estimate)",SL.UEM.TOTL.ZS,Bermuda,BMU,..,..,..,..,..,..,..,..,..,..,..,..
"Unemployment, total (% of total labor force) (modeled ILO estimate)",SL.UEM.TOTL.ZS,Bhutan,BTN,..,1.59300005435944,2.04999995231628,2.86999988555908,2.63000011444092,2.45000004768372,2.49300003051758,2.45300006866455,2.44400000572205,2.50200009346008,3.6489999294281,4.33199977874756
"Unemployment, total (% of total labor force) (modeled ILO estimate)",SL.UEM.TOTL.ZS,Bolivia,BOL,..,2.37800002098084,2.0699999332428,2.44000005722046,2.01999998092651,3.10999989509583,3.5,3.65000009536743,3.51999998092651,3.8199999332428,7.90000009536743,8.50899982452393
"Unemployment, total (% of total labor force) (modeled ILO estimate)",SL.UEM.TOTL.ZS,Bosnia and Herzegovina,BIH,..,25.7830009460449,28.0100002288818,27.4899997711182,27.5200004577637,27.6900005340576,25.4099998474121,20.5300006866455,18.3999996185303,15.6899995803833,15.2650003433228,15.2150001525879
"Unemployment, total (% of total labor force) (modeled ILO estimate)",SL.UEM.TOTL.ZS,Botswana,BWA,..,15.8800001144409,18.951000213623,19.4009990692139,19.9909992218018,20.5709991455078,21.0289993286133,21.5659999847412,22.0709991455078,22.6100006103516,24.9300003051758,24.7220001220703
"Unemployment, total (% of total labor force) (modeled ILO estimate)",SL.UEM.TOTL.ZS,Brazil,BRA,..,9.56099987030029,7.19000005722046,6.98000001907349,6.65999984741211,8.43000030517578,11.6000003814697,12.8199996948242,12.3299999237061,11.9300003051758,13.6899995803833,14.4029998779297
"Unemployment, total (% of total labor force) (modeled ILO estimate)",SL.UEM.TOTL.ZS,British Virgin Islands,VGB,..,..,..,..,..,..,..,..,..,..,..,..
"Unemployment, total (% of total labor force) (modeled ILO estimate)",SL.UEM.TOTL.ZS,Brunei Darussalam,BRN,..,5.67799997329712,6.91599988937378,6.88000011444092,6.96999979019165,7.78499984741211,8.38300037384033,9.31999969482422,8.69999980926514,6.92000007629395,7.68200016021729,7.64900016784668
"Unemployment, total (% of total labor force) (modeled ILO estimate)",SL.UEM.TOTL.ZS,Bulgaria,BGR,..,16.2199993133545,12.2700004577637,12.9399995803833,11.4200000762939,9.14000034332275,7.57000017166138,6.15999984741211,5.21000003814697,4.23000001907349,5.11999988555908,5.42399978637695
"Unemployment, total (% of total labor force) (modeled ILO estimate)",SL.UEM.TOTL.ZS,Burkina Faso,BFA,..,2.60500001907349,3.91300010681152,4.04699993133545,4.18800020217896,4.32100009918213,4.43400001525879,4.56300020217896,4.69000005722046,4.69299983978271,4.89499998092651,4.75799989700317
"Unemployment, total (% of total labor force) (modeled ILO estimate)",SL.UEM.TOTL.ZS,Burundi,BDI,..,1.5900000333786,1.5900000333786,1.57799994945526,1.57000005245209,1.60000002384186,1.5900000333786,1.58899998664856,1.58700001239777,1.58899998664856,1.70700001716614,1.79200005531311
"Unemployment, total (% of total labor force) (modeled ILO estimate)",SL.UEM.TOTL.ZS,Cabo Verde,CPV,..,10.9829998016357,11.121000289917,11.3479995727539,11.5749998092651,11.8000001907349,12.0080003738403,12.2399997711182,12.1700000762939,12.2189998626709,15.3059997558594,15.4230003356934
"Unemployment, total (% of total labor force) (modeled ILO estimate)",SL.UEM.TOTL.ZS,Cambodia,KHM,..,0.967999994754791,0.509999990463257,0.439999997615814,0.689999997615814,0.389999985694885,0.720000028610229,0.140000000596046,0.14300000667572,0.146999999880791,0.331000000238419,0.611999988555908
"Unemployment, total (% of total labor force) (modeled ILO estimate)",SL.UEM.TOTL.ZS,Cameroon,CMR,..,7.59100008010864,3.82200002670288,3.67499995231628,3.52999997138977,3.55100011825562,3.57500004768372,3.59999990463257,3.61700010299683,3.63800001144409,3.83699989318848,3.86500000953674
"Unemployment, total (% of total labor force) (modeled ILO estimate)",SL.UEM.TOTL.ZS,Canada,CAN,..,6.82999992370605,7.28999996185303,7.07000017166138,6.90999984741211,6.90999984741211,7,6.34000015258789,5.82999992370605,5.65999984741211,9.46000003814697,7.51000022888184
"Unemployment, total (% of total labor force) (modeled ILO estimate)",SL.UEM.TOTL.ZS,Cayman Islands,CYM,..,..,..,..,..,..,..,..,..,..,..,..
"Unemployment, total (% of total labor force) (modeled ILO estimate)",SL.UEM.TOTL.ZS,Central African Republic,CAF,..,5.60900020599365,5.5460000038147,5.51599979400635,5.52899980545044,5.60599994659424,5.65199995040894,5.64799976348877,5.60500001907349,5.6230001449585,6.35699987411499,6.57499980926514
"Unemployment, total (% of total labor force) (modeled ILO estimate)",SL.UEM.TOTL.ZS,Chad,TCD,..,0.806999981403351,1.00600004196167,1.02900004386902,1.0460000038147,1.07099997997284,1.10399997234344,1.11899995803833,1.12999999523163,1.12300002574921,1.74199998378754,1.88199996948242
"Unemployment, total (% of total labor force) (modeled ILO estimate)",SL.UEM.TOTL.ZS,Channel Islands,CHI,..,5.66200017929077,8.26099967956543,8.82699966430664,8.60900020599365,8.21500015258789,7.74200010299683,7.13800001144409,6.57399988174438,6.41300010681152,7.68599987030029,7.36999988555908
"Unemployment, total (% of total labor force) (modeled ILO estimate)",SL.UEM.TOTL.ZS,Chile,CHL,..,10.4899997711182,6.65999984741211,6.21000003814697,6.65999984741211,6.51000022888184,6.73999977111816,6.96000003814697,7.23000001907349,7.28999996185303,11.1800003051758,9.12800025939941
"Unemployment, total (% of total labor force) (modeled ILO estimate)",SL.UEM.TOTL.ZS,China,CHN,..,3.25999999046326,4.57000017166138,4.59000015258789,4.6100001335144,4.63000011444092,4.53000020980835,4.44000005722046,4.28000020980835,4.51999998092651,5,4.81699991226196
"Unemployment, total (% of total labor force) (modeled ILO estimate)",SL.UEM.TOTL.ZS,Colombia,COL,..,20.5200004577637,9.73999977111816,9.05000019073486,8.56999969482422,8.30000019073486,8.6899995803833,8.86999988555908,9.10999965667725,9.96000003814697,15.039999961853,14.3360004425049
"Unemployment, total (% of total labor force) (modeled ILO estimate)",SL.UEM.TOTL.ZS,Comoros,COM,..,4.68100023269653,7.41099977493286,7.75799989700317,8.14000034332275,8.13599967956543,8.10200023651123,8.08600044250488,8.07900047302246,8.08199977874756,9.22299957275391,9.44699954986572
"Unemployment, total (% of total labor force) (modeled ILO estimate)",SL.UEM.TOTL.ZS,"Congo, Dem. Rep.",COD,..,2.90400004386902,4.48999977111816,4.47599983215332,4.46400022506714,4.46600008010864,4.47700023651123,4.46500015258789,4.45100021362305,4.45100021362305,5.26599979400635,5.42600011825562
"Unemployment, total (% of total labor force) (modeled ILO estimate)",SL.UEM.TOTL.ZS,"Congo, Rep.",COG,..,19.8950004577637,20.1760005950928,20.3169994354248,20.3099994659424,20.44700050354,20.5590000152588,20.5590000152588,20.6140003204346,20.6219997406006,22.8430004119873,23.0109996795654
"Unemployment, total (% of total labor force) (modeled ILO estimate)",SL.UEM.TOTL.ZS,Costa Rica,CRI,..,5.07999992370605,9.77999973297119,8.77000045776367,9.0600004196167,9,8.60000038146973,8.14000034332275,9.63000011444092,11.4899997711182,17.4099998474121,17.9540004730225
"Unemployment, total (% of total labor force) (modeled ILO estimate)",SL.UEM.TOTL.ZS,Cote d'Ivoire,CIV,..,4.58400011062622,7.21999979019165,4.25,3.70099997520447,3.1489999294281,2.59999990463257,3.26999998092651,3.29299998283386,3.31800007820129,3.48799991607666,3.46799993515015
"Unemployment, total (% of total labor force) (modeled ILO estimate)",SL.UEM.TOTL.ZS,Croatia,HRV,..,16.0599994659424,15.9300003051758,17.25,17.2900009155273,16.1800003051758,13.1000003814697,11.210000038147,8.43000030517578,6.61999988555908,7.51000022888184,8.68299961090088
"Unemployment, total (% of total labor force) (modeled ILO estimate)",SL.UEM.TOTL.ZS,Cuba,CUB,..,5.44999980926514,3.46000003814697,3.28999996185303,2.70000004768372,2.40000009536743,2,1.70000004768372,1.70000004768372,1.73500001430511,2.62400007247925,2.75600004196167
"Unemployment, total (% of total labor force) (modeled ILO estimate)",SL.UEM.TOTL.ZS,Curacao,CUW,..,..,..,..,..,..,..,..,..,..,..,..
"Unemployment, total (% of total labor force) (modeled ILO estimate)",SL.UEM.TOTL.ZS,Cyprus,CYP,..,4.96999979019165,11.8000001907349,15.8699998855591,16.0900001525879,14.9099998474121,12.9499998092651,11.0500001907349,8.36999988555908,7.07000017166138,7.59000015258789,6.13000011444092
"Unemployment, total (% of total labor force) (modeled ILO estimate)",SL.UEM.TOTL.ZS,Czechia,CZE,..,8.76000022888184,6.98000001907349,6.94999980926514,6.1100001335144,5.05000019073486,3.95000004768372,2.89000010490417,2.24000000953674,2.00999999046326,2.54999995231628,2.88700008392334
"Unemployment, total (% of total labor force) (modeled ILO estimate)",SL.UEM.TOTL.ZS,Denmark,DNK,..,4.48000001907349,7.80000019073486,7.38000011444092,6.92999982833862,6.28000020980835,5.98999977111816,5.82999992370605,5.13000011444092,5.01999998092651,5.6399998664856,4.7979998588562
"Unemployment, total (% of total labor force) (modeled ILO estimate)",SL.UEM.TOTL.ZS,Djibouti,DJI,..,28.3449993133545,26.7779998779297,26.6380004882813,26.4750003814697,26.3250007629395,26.193000793457,26.0599994659424,26.1889991760254,26.3570003509521,28.3899993896484,28.3859996795654
"Unemployment, total (% of total labor force) (modeled ILO estimate)",SL.UEM.TOTL.ZS,Dominica,DMA,..,..,..,..,..,..,..,..,..,..,..,..
"Unemployment, total (% of total labor force) (modeled ILO estimate)",SL.UEM.TOTL.ZS,Dominican Republic,DOM,..,6.42999982833862,6.71999979019165,7.34999990463257,6.71999979019165,7.6100001335144,7.28000020980835,5.82999992370605,5.8600001335144,6.3600001335144,6.13000011444092,8.49600028991699
"Unemployment, total (% of total labor force) (modeled ILO estimate)",SL.UEM.TOTL.ZS,Ecuador,ECU,..,4.80000019073486,3.23000001907349,3.07999992370605,3.48000001907349,3.61999988555908,4.59999990463257,3.83999991416931,3.52999997138977,3.80999994277954,6.1100001335144,6.42700004577637
"Unemployment, total (% of total labor force) (modeled ILO estimate)",SL.UEM.TOTL.ZS,"Egypt, Arab Rep.",EGY,..,8.97999954223633,12.6000003814697,13.1499996185303,13.1000003814697,13.0500001907349,12.4099998474121,11.7399997711182,9.81999969482422,7.84000015258789,9.16699981689453,9.32900047302246
"Unemployment, total (% of total labor force) (modeled ILO estimate)",SL.UEM.TOTL.ZS,El Salvador,SLV,..,6.96000003814697,3.83999991416931,3.69000005722046,4.15000009536743,4,4.42000007629395,4.3899998664856,4.01000022888184,4.17000007629395,6.2480001449585,5.94000005722046
"Unemployment, total (% of total labor force) (modeled ILO estimate)",SL.UEM.TOTL.ZS,Equatorial Guinea,GNQ,..,8.45499992370605,8.61299991607666,8.51299953460693,8.48299980163574,8.54399967193604,8.62899971008301,8.64799976348877,8.62399959564209,8.67899990081787,9.90100002288818,9.24499988555908
"Unemployment, total (% of total labor force) (modeled ILO estimate)",SL.UEM.TOTL.ZS,Eritrea,ERI,..,5.8769998550415,5.53000020980835,5.57999992370605,5.6729998588562,5.82800006866455,5.90199995040894,5.94299983978271,5.94700002670288,5.99399995803833,7.86499977111816,8.04699993133545
"Unemployment, total (% of total labor force) (modeled ILO estimate)",SL.UEM.TOTL.ZS,Estonia,EST,..,13.3599996566772,10.0200004577637,8.63000011444092,7.34999990463257,6.19000005722046,6.76000022888184,5.76000022888184,5.36999988555908,4.44999980926514,6.80000019073486,6.33099985122681
"Unemployment, total (% of total labor force) (modeled ILO estimate)",SL.UEM.TOTL.ZS,Eswatini,SWZ,..,24.2439994812012,25.1490001678467,24.5499992370605,23.9659996032715,23.3290004730225,22.7199993133545,22.7530002593994,22.7919998168945,22.8369998931885,25.5090007781982,25.7560005187988
"Unemployment, total (% of total labor force) (modeled ILO estimate)",SL.UEM.TOTL.ZS,Ethiopia,ETH,..,3.5090000629425,2.28699994087219,2.25,2.26200008392334,2.2739999294281,2.28800010681152,2.29900002479553,2.31800007820129,2.32599997520447,3.23699998855591,3.69400000572205
"Unemployment, total (% of total labor force) (modeled ILO estimate)",SL.UEM.TOTL.ZS,Faroe Islands,FRO,..,..,..,..,..,..,..,..,..,..,..,..
"Unemployment, total (% of total labor force) (modeled ILO estimate)",SL.UEM.TOTL.ZS,Fiji,FJI,..,3.99200010299683,4.42000007629395,4.3270001411438,4.28999996185303,4.29500007629395,4.32000017166138,4.27799987792969,4.33300018310547,4.44799995422363,4.71500015258789,5.23899984359741
"Unemployment, total (% of total labor force) (modeled ILO estimate)",SL.UEM.TOTL.ZS,Finland,FIN,..,11.1300001144409,7.69000005722046,8.1899995803833,8.65999984741211,9.38000011444092,8.81999969482422,8.64000034332275,7.3600001335144,6.69000005722046,7.76000022888184,7.52500009536743
"Unemployment, total (% of total labor force) (modeled ILO estimate)",SL.UEM.TOTL.ZS,France,FRA,..,10.2200002670288,9.39999961853027,9.92000007629395,10.289999961853,10.3500003814697,10.0500001907349,9.40999984741211,9.02000045776367,8.40999984741211,8.01000022888184,8.0629997253418
"Unemployment, total (% of total labor force) (modeled ILO estimate)",SL.UEM.TOTL.ZS,French Polynesia,PYF,..,11.6719999313354,12.21399974823,12.1719999313354,12.2040004730225,12.1669998168945,12.1770000457764,12.2130002975464,12.2480001449585,12.2959995269775,14.0959997177124,14.3909997940063
"Unemployment, total (% of total labor force) (modeled ILO estimate)",SL.UEM.TOTL.ZS,Gabon,GAB,..,17.3430004119873,20.488000869751,20.5209999084473,20.5729999542236,20.613000869751,20.6690006256104,20.7210006713867,20.7490005493164,20.742000579834,21.9720001220703,22.2649993896484
"Unemployment, total (% of total labor force) (modeled ILO estimate)",SL.UEM.TOTL.ZS,"Gambia, The",GMB,..,9.08300018310547,9.42000007629395,9.45300006866455,9.50300025939941,9.46700000762939,9.4980001449585,9.48499965667725,9.47599983215332,9.4980001449585,11.081000328064,11.2119998931885
"Unemployment, total (% of total labor force) (modeled ILO estimate)",SL.UEM.TOTL.ZS,Georgia,GEO,..,10.8199996948242,19.6499996185303,19.4200000762939,17.4400005340576,16.5100002288818,16.6000003814697,13.9399995803833,12.6700000762939,11.5699996948242,18.5,10.6590003967285
"Unemployment, total (% of total labor force) (modeled ILO estimate)",SL.UEM.TOTL.ZS,Germany,DEU,..,7.92000007629395,5.38000011444092,5.23000001907349,4.98000001907349,4.61999988555908,4.11999988555908,3.75,3.38000011444092,3.14000010490417,3.80999994277954,3.53500008583069
"Unemployment, total (% of total labor force) (modeled ILO estimate)",SL.UEM.TOTL.ZS,Ghana,GHA,..,10.460000038147,5.91099977493286,6.20300006866455,6.52400016784668,6.80999994277954,5.52699995040894,4.21999979019165,4.27600002288818,4.31599998474121,4.65100002288818,4.7039999961853
"Unemployment, total (% of total labor force) (modeled ILO estimate)",SL.UEM.TOTL.ZS,Gibraltar,GIB,..,..,..,..,..,..,..,..,..,..,..,..
"Unemployment, total (% of total labor force) (modeled ILO estimate)",SL.UEM.TOTL.ZS,Greece,GRC,..,11.25,24.4400005340576,27.4699993133545,26.4899997711182,24.8999996185303,23.5400009155273,21.4899997711182,19.2900009155273,17.3099994659424,16.2999992370605,14.7950000762939
"Unemployment, total (% of total labor force) (modeled ILO estimate)",SL.UEM.TOTL.ZS,Greenland,GRL,..,..,..,..,..,..,..,..,..,..,..,..
"Unemployment, total (% of total labor force) (modeled ILO estimate)",SL.UEM.TOTL.ZS,Grenada,GRD,..,..,..,..,..,..,..,..,..,..,..,..
"Unemployment, total (% of total labor force) (modeled ILO estimate)",SL.UEM.TOTL.ZS,Guam,GUM,..,15.3199996948242,12.1999998092651,11.5,7.59999990463257,6.90000009536743,5.40000009536743,5.43499994277954,5.55900001525879,5.5149998664856,6.80200004577637,6.98299980163574
"Unemployment, total (% of total labor force) (modeled ILO estimate)",SL.UEM.TOTL.ZS,Guatemala,GTM,..,2.72499990463257,2.75999999046326,3.01999998092651,2.72000002861023,2.50999999046326,2.57999992370605,2.46000003814697,2.27999997138977,2.19000005722046,3.55299997329712,3.57200002670288
"Unemployment, total (% of total labor force) (modeled ILO estimate)",SL.UEM.TOTL.ZS,Guinea,GIN,..,4.55299997329712,4.81799983978271,4.86600017547607,4.89599990844727,4.9229998588562,4.88000011444092,4.91400003433228,4.98299980163574,5.01999998092651,6.10300016403198,6.34200000762939
"Unemployment, total (% of total labor force) (modeled ILO estimate)",SL.UEM.TOTL.ZS,Guinea-Bissau,GNB,..,6.24700021743774,5.86999988555908,5.80900001525879,5.80299997329712,5.86999988555908,5.95100021362305,5.98600006103516,5.98199987411499,6.03599977493286,6.73699998855591,6.75899982452393
"Unemployment, total (% of total labor force) (modeled ILO estimate)",SL.UEM.TOTL.ZS,Guyana,GUY,..,11.8579998016357,12.335000038147,12.6280002593994,12.923999786377,13.2119998931885,13.46399974823,13.746000289917,14.0200004577637,13.9919996261597,16.4309997558594,16.4249992370605
"Unemployment, total (% of total labor force) (modeled ILO estimate)",SL.UEM.TOTL.ZS,Haiti,HTI,..,8.4040002822876,14.1000003814697,13.996000289917,13.951000213623,13.9619998931885,13.9250001907349,13.8769998550415,13.8599996566772,13.914999961853,15.451000213623,15.7259998321533
"Unemployment, total (% of total labor force) (modeled ILO estimate)",SL.UEM.TOTL.ZS,Honduras,HND,..,3.83899998664856,3.75,5.65000009536743,7.07999992370605,6.15000009536743,6.73000001907349,5.53000020980835,5.65000009536743,5.69999980926514,8.3730001449585,8.51299953460693
"Unemployment, total (% of total labor force) (modeled ILO estimate)",SL.UEM.TOTL.ZS,"Hong Kong SAR, China",HKG,..,4.92000007629395,3.28999996185303,3.40000009536743,3.29999995231628,3.30999994277954,3.39000010490417,3.13000011444092,2.8199999332428,2.9300000667572,5.82999992370605,5.31500005722046
"Unemployment, total (% of total labor force) (modeled ILO estimate)",SL.UEM.TOTL.ZS,Hungary,HUN,..,6.55999994277954,11,10.1800003051758,7.73000001907349,6.80999994277954,5.1100001335144,4.15999984741211,3.71000003814697,3.42000007629395,4.25,4.11600017547607
"Unemployment, total (% of total labor force) (modeled ILO estimate)",SL.UEM.TOTL.ZS,Iceland,ISL,..,1.94000005722046,6,5.38000011444092,4.90000009536743,3.98000001907349,2.98000001907349,2.74000000953674,2.70000004768372,3.50999999046326,5.48000001907349,5.40100002288818
"Unemployment, total (% of total labor force) (modeled ILO estimate)",SL.UEM.TOTL.ZS,India,IND,..,5.56099987030029,5.41400003433228,5.42399978637695,5.43599987030029,5.43499994277954,5.4229998588562,5.35799980163574,5.32999992370605,5.26999998092651,7.99700021743774,5.97800016403198
"Unemployment, total (% of total labor force) (modeled ILO estimate)",SL.UEM.TOTL.ZS,Indonesia,IDN,..,6.07999992370605,4.46999979019165,4.34000015258789,4.05000019073486,4.51000022888184,4.30000019073486,3.88000011444092,4.40000009536743,3.61999988555908,4.28000020980835,4.41300010681152
"Unemployment, total (% of total labor force) (modeled ILO estimate)",SL.UEM.TOTL.ZS,"Iran, Islamic Rep.",IRN,..,11.5740003585815,12.2700004577637,10.6000003814697,10.6800003051758,11.1700000762939,12.6199998855591,12.2299995422363,12.1899995803833,10.7399997711182,12.168999671936,11.4610004425049
"Unemployment, total (% of total labor force) (modeled ILO estimate)",SL.UEM.TOTL.ZS,Iraq,IRQ,..,8.72700023651123,7.96000003814697,9.26399993896484,10.5900001525879,10.7250003814697,10.8199996948242,13.0200004577637,12.9659996032715,12.8629999160767,14.0880002975464,14.1920003890991
"Unemployment, total (% of total labor force) (modeled ILO estimate)",SL.UEM.TOTL.ZS,Ireland,IRL,..,4.32000017166138,15.4499998092651,13.7299995422363,11.8599996566772,9.90999984741211,8.36999988555908,6.71000003814697,5.73999977111816,4.94999980926514,5.61999988555908,6.63299989700317
"Unemployment, total (% of total labor force) (modeled ILO estimate)",SL.UEM.TOTL.ZS,Isle of Man,IMN,..,..,..,..,..,..,..,..,..,..,..,..
"Unemployment, total (% of total labor force) (modeled ILO estimate)",SL.UEM.TOTL.ZS,Israel,ISR,..,11.1000003814697,6.8600001335144,6.21000003814697,5.8899998664856,5.25,4.80000019073486,4.21999979019165,4,3.79999995231628,4.32999992370605,5.04500007629395
"Unemployment, total (% of total labor force) (modeled ILO estimate)",SL.UEM.TOTL.ZS,Italy,ITA,..,10.8400001525879,10.6499996185303,12.1499996185303,12.6800003051758,11.8999996185303,11.6899995803833,11.210000038147,10.6099996566772,9.94999980926514,9.15999984741211,9.83399963378906
"Unemployment, total (% of total labor force) (modeled ILO estimate)",SL.UEM.TOTL.ZS,Jamaica,JAM,..,15.539999961853,13.9300003051758,15.25,13.7399997711182,13.5100002288818,13.1899995803833,11.6300001144409,9.10000038146973,7.69000005722046,9.47999954223633,9.18200016021729
"Unemployment, total (% of total labor force) (modeled ILO estimate)",SL.UEM.TOTL.ZS,Japan,JPN,..,4.75,4.3600001335144,4,3.59999990463257,3.40000009536743,3.09999990463257,2.79999995231628,2.40000009536743,2.40000009536743,2.79999995231628,2.79900002479553
"Unemployment, total (% of total labor force) (modeled ILO estimate)",SL.UEM.TOTL.ZS,Jordan,JOR,..,13.6999998092651,12.1999998092651,12.6000003814697,11.8999996185303,13.0799999237061,15.2799997329712,18.1399993896484,18.2700004577637,16.8099994659424,19.0259990692139,19.2520008087158
"Unemployment, total (% of total labor force) (modeled ILO estimate)",SL.UEM.TOTL.ZS,Kazakhstan,KAZ,..,12.75,5.28999996185303,5.19999980926514,5.05999994277954,4.92999982833862,4.96000003814697,4.90000009536743,4.84999990463257,4.80000019073486,4.8899998664856,4.90000009536743
"Unemployment, total (% of total labor force) (modeled ILO estimate)",SL.UEM.TOTL.ZS,Kenya,KEN,..,3.02099990844727,2.83100008964539,2.80800008773804,2.79500007629395,2.77699995040894,2.75999999046326,3.51300001144409,4.24900007247925,5.01000022888184,5.72900009155273,5.74200010299683
"Unemployment, total (% of total labor force) (modeled ILO estimate)",SL.UEM.TOTL.ZS,Kiribati,KIR,..,..,..,..,..,..,..,..,..,..,..,..
"Unemployment, total (% of total labor force) (modeled ILO estimate)",SL.UEM.TOTL.ZS,"Korea, Dem. People's Rep.",PRK,..,2.93300008773804,2.80599999427795,2.80399990081787,2.74399995803833,2.74399995803833,2.75500011444092,2.69799995422363,2.62599992752075,2.59100008010864,2.9210000038147,2.59200000762939
"Unemployment, total (% of total labor force) (modeled ILO estimate)",SL.UEM.TOTL.ZS,"Korea, Rep.",KOR,..,4.05999994277954,2.80999994277954,2.75,3.07999992370605,3.54999995231628,3.65000009536743,3.65000009536743,3.8199999332428,3.75,3.9300000667572,3.53200006484985
"Unemployment, total (% of total labor force) (modeled ILO estimate)",SL.UEM.TOTL.ZS,Kosovo,XKX,..,..,..,..,..,..,..,..,..,..,..,..
"Unemployment, total (% of total labor force) (modeled ILO estimate)",SL.UEM.TOTL.ZS,Kuwait,KWT,..,0.800000011920929,2.3199999332428,2.62299990653992,2.90000009536743,2.20000004768372,2.16000008583069,2.19700002670288,2.16499996185303,2.16700005531311,3.53900003433228,3.71399998664856
"Unemployment, total (% of total labor force) (modeled ILO estimate)",SL.UEM.TOTL.ZS,Kyrgyz Republic,KGZ,..,7.53999996185303,8.43000030517578,8.32999992370605,8.05000019073486,7.55999994277954,7.21000003814697,6.8899998664856,6.88600015640259,6.91800022125244,8.70600032806396,9.10400009155273
"Unemployment, total (% of total labor force) (modeled ILO estimate)",SL.UEM.TOTL.ZS,Lao PDR,LAO,..,2.06299996376038,0.736999988555908,0.745999991893768,0.763000011444092,0.777999997138977,0.791999995708466,0.805000007152557,0.827000021934509,0.851999998092651,1.03400003910065,1.25800001621246
"Unemployment, total (% of total labor force) (modeled ILO estimate)",SL.UEM.TOTL.ZS,Latvia,LVA,..,14.210000038147,15.0500001907349,11.8699998855591,10.8500003814697,9.86999988555908,9.64000034332275,8.72000026702881,7.40999984741211,6.30999994277954,8.10000038146973,7.59999990463257
"Unemployment, total (% of total labor force) (modeled ILO estimate)",SL.UEM.TOTL.ZS,Lebanon,LBN,..,8.3149995803833,7.84800004959106,8.31400012969971,8.80900001525879,9.31700038909912,9.78299999237061,10.2740001678467,10.7959995269775,11.3500003814697,13.2969999313354,14.4879999160767
"Unemployment, total (% of total labor force) (modeled ILO estimate)",SL.UEM.TOTL.ZS,Lesotho,LSO,..,35.4570007324219,25.3689994812012,24.5799999237061,24.2210006713867,23.8409996032715,23.4750003814697,23.2000007629395,22.8129997253418,22.4400005340576,24.5629997253418,24.5979995727539
"Unemployment, total (% of total labor force) (modeled ILO estimate)",SL.UEM.TOTL.ZS,Liberia,LBR,..,2.07999992370605,2.17000007629395,2.11899995803833,2.07999992370605,2.07999992370605,3.07999992370605,3.04900002479553,3.02999997138977,3.01500010490417,3.98000001907349,4.09499979019165
"Unemployment, total (% of total labor force) (modeled ILO estimate)",SL.UEM.TOTL.ZS,Libya,LBY,..,19.6720008850098,19.0300006866455,19.4540004730225,19.4629993438721,19.5310001373291,19.5279998779297,19.371000289917,19.4549999237061,19.6550006866455,20.0659999847412,19.5839996337891
"Unemployment, total (% of total labor force) (modeled ILO estimate)",SL.UEM.TOTL.ZS,Liechtenstein,LIE,..,..,..,..,..,..,..,..,..,..,..,..
"Unemployment, total (% of total labor force) (modeled ILO estimate)",SL.UEM.TOTL.ZS,Lithuania,LTU,..,15.9300003051758,13.3599996566772,11.7700004577637,10.6999998092651,9.11999988555908,7.8600001335144,7.07000017166138,6.15000009536743,6.26000022888184,8.48999977111816,7.90299987792969
"Unemployment, total (% of total labor force) (modeled ILO estimate)",SL.UEM.TOTL.ZS,Luxembourg,LUX,..,2.34999990463257,5.1399998664856,5.84999990463257,5.84999990463257,6.67000007629395,6.28999996185303,5.51999998092651,5.59000015258789,5.59000015258789,6.76999998092651,5.22700023651123
"Unemployment, total (% of total labor force) (modeled ILO estimate)",SL.UEM.TOTL.ZS,"Macao SAR, China",MAC,..,6.86999988555908,1.97000002861023,1.82000005245209,1.70000004768372,1.80999994277954,1.94000005722046,1.99000000953674,1.83000004291534,1.75,2.5699999332428,3.01399993896484
"Unemployment, total (% of total labor force) (modeled ILO estimate)",SL.UEM.TOTL.ZS,Madagascar,MDG,..,5.80000019073486,0.600000023841858,0.995000004768372,1.38999998569489,1.78999996185303,1.80499994754791,1.82299995422363,1.84300005435944,1.85699999332428,2.47399997711182,2.59400010108948
"Unemployment, total (% of total labor force) (modeled ILO estimate)",SL.UEM.TOTL.ZS,Malawi,MWI,..,5.78800010681152,5.9520001411438,5.94999980926514,5.89799976348877,5.86399984359741,5.81699991226196,5.76000022888184,5.75799989700317,5.7519998550415,6.70100021362305,7.02099990844727
"Unemployment, total (% of total labor force) (modeled ILO estimate)",SL.UEM.TOTL.ZS,Malaysia,MYS,..,3,3.09999990463257,3.16000008583069,2.88000011444092,3.09999990463257,3.44000005722046,3.41000008583069,3.29999995231628,3.25999999046326,4.50400018692017,4.60900020599365
"Unemployment, total (% of total labor force) (modeled ILO estimate)",SL.UEM.TOTL.ZS,Maldives,MDV,..,1.97000002861023,9.47200012207031,8.72700023651123,7.86700010299683,6.92899990081787,6.11999988555908,5.86999988555908,5.61899995803833,5.34000015258789,6.32800006866455,6.07800006866455
"Unemployment, total (% of total labor force) (modeled ILO estimate)",SL.UEM.TOTL.ZS,Mali,MLI,..,5.6269998550415,6.65000009536743,6.34999990463257,6.38000011444092,7.73000001907349,7.57000017166138,7.40999984741211,7.42799997329712,7.44199991226196,7.69600009918213,7.71999979019165
"Unemployment, total (% of total labor force) (modeled ILO estimate)",SL.UEM.TOTL.ZS,Malta,MLT,..,6.32000017166138,6.19999980926514,6.1100001335144,5.71999979019165,5.38000011444092,4.69000005722046,4,3.66000008583069,3.61999988555908,4.26000022888184,3.49900007247925
"Unemployment, total (% of total labor force) (modeled ILO estimate)",SL.UEM.TOTL.ZS,Marshall Islands,MHL,..,..,..,..,..,..,..,..,..,..,..,..
"Unemployment, total (% of total labor force) (modeled ILO estimate)",SL.UEM.TOTL.ZS,Mauritania,MRT,..,9.84899997711182,9.85999965667725,9.95699977874756,10.0509996414185,10.1379995346069,10.2609996795654,10.3400001525879,10.3850002288818,10.3929996490479,11.2700004577637,11.4630002975464
"Unemployment, total (% of total labor force) (modeled ILO estimate)",SL.UEM.TOTL.ZS,Mauritius,MUS,..,9.17700004577637,7.46999979019165,7.32000017166138,7.46999979019165,7.40999984741211,6.80999994277954,6.75,6.42999982833862,6.32999992370605,7.40700006484985,7.41400003433228
"Unemployment, total (% of total labor force) (modeled ILO estimate)",SL.UEM.TOTL.ZS,Mexico,MEX,..,2.65000009536743,4.8899998664856,4.90999984741211,4.80999994277954,4.30999994277954,3.85999989509583,3.42000007629395,3.27999997138977,3.48000001907349,4.44999980926514,4.37900018692017
"Unemployment, total (% of total labor force) (modeled ILO estimate)",SL.UEM.TOTL.ZS,"Micronesia, Fed. Sts.",FSM,..,..,..,..,..,..,..,..,..,..,..,..
"Unemployment, total (% of total labor force) (modeled ILO estimate)",SL.UEM.TOTL.ZS,Moldova,MDA,..,8.46000003814697,5.57999992370605,5.09999990463257,3.73000001907349,4.69999980926514,4.01999998092651,4.09999990463257,4.1100001335144,5.09999990463257,3.8199999332428,3.96199989318848
"Unemployment, total (% of total labor force) (modeled ILO estimate)",SL.UEM.TOTL.ZS,Monaco,MCO,..,..,..,..,..,..,..,..,..,..,..,..
"Unemployment, total (% of total labor force) (modeled ILO estimate)",SL.UEM.TOTL.ZS,Mongolia,MNG,..,6.22700023651123,3.90000009536743,4.23000001907349,4.80000019073486,4.8600001335144,7.23999977111816,6.3600001335144,5.38000011444092,5.43900012969971,7.01000022888184,7.08199977874756
"Unemployment, total (% of total labor force) (modeled ILO estimate)",SL.UEM.TOTL.ZS,Montenegro,MNE,..,28.5879993438721,19.9699993133545,19.5,18,17.5400009155273,17.7199993133545,16.0699996948242,15.1700000762939,15.1199998855591,17.8999996185303,18.4869995117188
"Unemployment, total (% of total labor force) (modeled ILO estimate)",SL.UEM.TOTL.ZS,Morocco,MAR,..,13.5799999237061,8.98999977111816,9.22999954223633,9.69999980926514,9.46000003814697,9.30000019073486,9.24199962615967,9.26500034332275,9.27999973297119,11.4540004730225,11.4670000076294
"Unemployment, total (% of total labor force) (modeled ILO estimate)",SL.UEM.TOTL.ZS,Mozambique,MOZ,..,2.8529999256134,3.29800009727478,3.34200000762939,3.38299989700317,3.4300000667572,3.44700002670288,3.45099997520447,3.45600008964539,3.46600008010864,3.80999994277954,3.98200011253357
"Unemployment, total (% of total labor force) (modeled ILO estimate)",SL.UEM.TOTL.ZS,Myanmar,MMR,..,0.651000022888184,0.753000020980835,0.746999979019165,0.754999995231628,0.769999980926514,1.17700004577637,1.55999994277954,0.870000004768372,0.5,1.05799996852875,2.17300009727478
"Unemployment, total (% of total labor force) (modeled ILO estimate)",SL.UEM.TOTL.ZS,Namibia,NAM,..,20.2999992370605,16.7700004577637,19.0300006866455,18.5200004577637,20.9109992980957,23.3500003814697,21.6389999389648,19.8799991607666,19.988000869751,21.4459991455078,21.67799949646
"Unemployment, total (% of total labor force) (modeled ILO estimate)",SL.UEM.TOTL.ZS,Nauru,NRU,..,..,..,..,..,..,..,..,..,..,..,..
"Unemployment, total (% of total labor force) (modeled ILO estimate)",SL.UEM.TOTL.ZS,Nepal,NPL,..,1.85500001907349,2.32999992370605,2.55100011825562,2.94400000572205,3.09999990463257,2.86800003051758,3.31800007820129,3.19300007820129,3.09699988365173,4.72399997711182,5.05200004577637
"Unemployment, total (% of total labor force) (modeled ILO estimate)",SL.UEM.TOTL.ZS,Netherlands,NLD,..,2.73000001907349,5.82000017166138,7.23999977111816,7.42000007629395,6.86999988555908,6.01000022888184,4.84000015258789,3.82999992370605,3.38000011444092,3.8199999332428,4.01000022888184
"Unemployment, total (% of total labor force) (modeled ILO estimate)",SL.UEM.TOTL.ZS,New Caledonia,NCL,..,17.4780006408691,14.3549995422363,14.4659996032715,14.5900001525879,14.7290000915527,14.6949996948242,14.7849998474121,14.8470001220703,14.9099998474121,16.4290008544922,16.57200050354
"Unemployment, total (% of total labor force) (modeled ILO estimate)",SL.UEM.TOTL.ZS,New Zealand,NZL,..,6.13000011444092,6.92999982833862,5.84000015258789,5.42999982833862,5.40999984741211,5.15000009536743,4.73999977111816,4.32999992370605,4.1100001335144,4.59000015258789,4.12400007247925
"Unemployment, total (% of total labor force) (modeled ILO estimate)",SL.UEM.TOTL.ZS,Nicaragua,NIC,..,7.35400009155273,5.21000003814697,5.28000020980835,4.51999998092651,4.69999980926514,3.90000009536743,3.29999995231628,5.19999980926514,5.21099996566772,6.07800006866455,5.95699977874756
"Unemployment, total (% of total labor force) (modeled ILO estimate)",SL.UEM.TOTL.ZS,Niger,NER,..,1.49000000953674,2.1800000667572,1.36899995803833,0.519999980926514,0.529999971389771,0.533999979496002,0.541999995708466,0.545000016689301,0.554000020027161,0.624000012874603,0.750999987125397
"Unemployment, total (% of total labor force) (modeled ILO estimate)",SL.UEM.TOTL.ZS,Nigeria,NGA,..,3.9539999961853,3.74200010299683,3.70000004768372,4.55999994277954,4.30999994277954,7.05999994277954,8.39000034332275,8.45600032806396,8.52999973297119,9.71399974822998,9.78800010681152
"Unemployment, total (% of total labor force) (modeled ILO estimate)",SL.UEM.TOTL.ZS,North Macedonia,MKD,..,32.2000007629395,31.0200004577637,29,28.0300006866455,26.0699996948242,23.7199993133545,22.3799991607666,20.7399997711182,17.2600002288818,17.2000007629395,16.2029991149902
"Unemployment, total (% of total labor force) (modeled ILO estimate)",SL.UEM.TOTL.ZS,Northern Mariana Islands,MNP,..,..,..,..,..,..,..,..,..,..,..,..
"Unemployment, total (% of total labor force) (modeled ILO estimate)",SL.UEM.TOTL.ZS,Norway,NOR,..,3.46000003814697,3.11999988555908,3.42000007629395,3.48000001907349,4.30000019073486,4.67999982833862,4.15999984741211,3.79999995231628,3.69000005722046,4.42000007629395,4.9850001335144
"Unemployment, total (% of total labor force) (modeled ILO estimate)",SL.UEM.TOTL.ZS,Oman,OMN,..,4.0939998626709,3.67899990081787,3.61500000953674,3.54299998283386,3.39199995994568,3.26999998092651,2.56500005722046,1.79999995231628,1.84800004959106,2.94000005722046,3.12199997901917
"Unemployment, total (% of total labor force) (modeled ILO estimate)",SL.UEM.TOTL.ZS,Pakistan,PAK,..,0.578999996185303,1.84700000286102,2.95000004768372,1.83000004291534,3.5699999332428,3.77900004386902,3.91599988937378,4.07999992370605,3.54200005531311,4.30299997329712,4.35200023651123
"Unemployment, total (% of total labor force) (modeled ILO estimate)",SL.UEM.TOTL.ZS,Palau,PLW,..,..,..,..,..,..,..,..,..,..,..,..
"Unemployment, total (% of total labor force) (modeled ILO estimate)",SL.UEM.TOTL.ZS,Panama,PAN,..,3.81399989128113,2.38899993896484,2.28500008583069,2.70700001716614,2.97699999809265,3.26300001144409,3.85899996757507,3.83299994468689,4.72599983215332,12.8540000915527,12.0880002975464
"Unemployment, total (% of total labor force) (modeled ILO estimate)",SL.UEM.TOTL.ZS,Papua New Guinea,PNG,..,2.92000007629395,2.54399991035461,2.5460000038147,2.375,2.4760000705719,2.48399996757507,2.50699996948242,2.56399989128113,2.44899988174438,2.59500002861023,2.75200009346008
"Unemployment, total (% of total labor force) (modeled ILO estimate)",SL.UEM.TOTL.ZS,Paraguay,PRY,..,7.6100001335144,4.09000015258789,4.38000011444092,5.03000020980835,4.55999994277954,5.25,4.6100001335144,6.21999979019165,6.59000015258789,7.55000019073486,7.20599985122681
"Unemployment, total (% of total labor force) (modeled ILO estimate)",SL.UEM.TOTL.ZS,Peru,PER,..,4.88399982452393,3.24000000953674,3.5699999332428,3.21000003814697,3.26999998092651,3.74000000953674,3.69000005722046,3.49000000953674,3.38000011444092,7.17999982833862,4.83300018310547
"Unemployment, total (% of total labor force) (modeled ILO estimate)",SL.UEM.TOTL.ZS,Philippines,PHL,..,3.65300011634827,3.5,3.5,3.59999990463257,3.0699999332428,2.70000004768372,2.54999995231628,2.33999991416931,2.24000000953674,2.51999998092651,2.40599989891052
"Unemployment, total (% of total labor force) (modeled ILO estimate)",SL.UEM.TOTL.ZS,Poland,POL,..,16.3099994659424,10.0900001525879,10.3299999237061,8.98999977111816,7.5,6.15999984741211,4.8899998664856,3.84999990463257,3.27999997138977,3.16000008583069,3.36800003051758
"Unemployment, total (% of total labor force) (modeled ILO estimate)",SL.UEM.TOTL.ZS,Portugal,PRT,..,3.80999994277954,15.5299997329712,16.1800003051758,13.8900003433228,12.4399995803833,11.0699996948242,8.86999988555908,6.98999977111816,6.46000003814697,6.78999996185303,6.64699983596802
"Unemployment, total (% of total labor force) (modeled ILO estimate)",SL.UEM.TOTL.ZS,Puerto Rico,PRI,..,10.0799999237061,14.5,14.3000001907349,13.8999996185303,12,11.8000001907349,10.8000001907349,9.19999980926514,8.30000019073486,8.89000034332275,8.27099990844727
"Unemployment, total (% of total labor force) (modeled ILO estimate)",SL.UEM.TOTL.ZS,Qatar,QAT,..,0.842000007629395,0.479999989271164,0.280000001192093,0.200000002980232,0.170000001788139,0.150000005960464,0.140000000596046,0.109999999403954,0.100000001490116,0.214000001549721,0.257999986410141
"Unemployment, total (% of total labor force) (modeled ILO estimate)",SL.UEM.TOTL.ZS,Romania,ROU,..,6.96999979019165,6.78999996185303,7.09999990463257,6.80000019073486,6.80999994277954,5.90000009536743,4.92999982833862,4.19000005722046,3.91000008583069,5.03000020980835,5.16900014877319
"Unemployment, total (% of total labor force) (modeled ILO estimate)",SL.UEM.TOTL.ZS,Russian Federation,RUS,..,10.5799999237061,5.44000005722046,5.46000003814697,5.15999984741211,5.57000017166138,5.55999994277954,5.21000003814697,4.84999990463257,4.5,5.59000015258789,5.01000022888184
"Unemployment, total (% of total labor force) (modeled ILO estimate)",SL.UEM.TOTL.ZS,Rwanda,RWA,..,0.787000000476837,1.11800003051758,1.15199995040894,1.16999995708466,1.14800000190735,1.14400005340576,1.13699996471405,1.11099994182587,1.09800004959106,1.48500001430511,1.60699999332428
"Unemployment, total (% of total labor force) (modeled ILO estimate)",SL.UEM.TOTL.ZS,Samoa,WSM,..,4.66400003433228,8.75,8.66699981689453,8.72000026702881,8.50100040435791,8.30700016021729,8.57800006866455,8.68599987030029,8.4060001373291,9.14900016784668,9.83699989318848
"Unemployment, total (% of total labor force) (modeled ILO estimate)",SL.UEM.TOTL.ZS,San Marino,SMR,..,..,..,..,..,..,..,..,..,..,..,..
"Unemployment, total (% of total labor force) (modeled ILO estimate)",SL.UEM.TOTL.ZS,Sao Tome and Principe,STP,..,14.3999996185303,13.5900001525879,13.6490001678467,13.7049999237061,13.8210000991821,13.8940000534058,13.9739999771118,14.0609998703003,14.1440000534058,15.746000289917,15.9090003967285
"Unemployment, total (% of total labor force) (modeled ILO estimate)",SL.UEM.TOTL.ZS,Saudi Arabia,SAU,..,4.57000017166138,5.51999998092651,5.57000017166138,5.71999979019165,5.59000015258789,5.65000009536743,5.8899998664856,6.03999996185303,5.6729998588562,7.44999980926514,7.35799980163574
"Unemployment, total (% of total labor force) (modeled ILO estimate)",SL.UEM.TOTL.ZS,Senegal,SEN,..,5.60599994659424,9.4379997253418,8.57800006866455,7.64599990844727,6.76000022888184,4.46000003814697,3.69000005722046,3.27500009536743,2.85999989509583,3.62299990653992,3.72300004959106
"Unemployment, total (% of total labor force) (modeled ILO estimate)",SL.UEM.TOTL.ZS,Serbia,SRB,..,12.6000003814697,24,22.1499996185303,19.2199993133545,17.6599998474121,15.2600002288818,13.4799995422363,12.7299995422363,10.3900003433228,9.01000022888184,11.8070001602173
"Unemployment, total (% of total labor force) (modeled ILO estimate)",SL.UEM.TOTL.ZS,Seychelles,SYC,..,..,..,..,..,..,..,..,..,..,..,..
"Unemployment, total (% of total labor force) (modeled ILO estimate)",SL.UEM.TOTL.ZS,Sierra Leone,SLE,..,3.43400001525879,4.39799976348877,4.51000022888184,4.67999982833862,4.74200010299683,4.66300010681152,4.66300010681152,4.65999984741211,4.64900016784668,5.19500017166138,5.33300018310547
"Unemployment, total (% of total labor force) (modeled ILO estimate)",SL.UEM.TOTL.ZS,Singapore,SGP,..,3.70000004768372,3.72000002861023,3.85999989509583,3.74000000953674,3.78999996185303,4.07999992370605,4.19999980926514,3.64299988746643,3.09999990463257,4.09999990463257,3.62400007247925
"Unemployment, total (% of total labor force) (modeled ILO estimate)",SL.UEM.TOTL.ZS,Sint Maarten (Dutch part),SXM,..,..,..,..,..,..,..,..,..,..,..,..
"Unemployment, total (% of total labor force) (modeled ILO estimate)",SL.UEM.TOTL.ZS,Slovak Republic,SVK,..,19.0599994659424,13.960000038147,14.2200002670288,13.1800003051758,11.4799995422363,9.67000007629395,8.13000011444092,6.53999996185303,5.75,6.69000005722046,6.73999977111816
"Unemployment, total (% of total labor force) (modeled ILO estimate)",SL.UEM.TOTL.ZS,Slovenia,SVN,..,6.92000007629395,8.84000015258789,10.1000003814697,9.67000007629395,8.96000003814697,8,6.55999994277954,5.1100001335144,4.44999980926514,4.96999979019165,4.4229998588562
"Unemployment, total (% of total labor force) (modeled ILO estimate)",SL.UEM.TOTL.ZS,Solomon Islands,SLB,..,2.02600002288818,1.05499994754791,0.689999997615814,0.732999980449677,0.734000027179718,0.698000013828278,0.707000017166138,0.723999977111816,0.754999995231628,0.916000008583069,1.02900004386902
"Unemployment, total (% of total labor force) (modeled ILO estimate)",SL.UEM.TOTL.ZS,Somalia,SOM,..,19.0520000457764,18.9740009307861,18.9519996643066,18.9300003051758,18.9029998779297,18.8889999389648,18.8819999694824,18.8500003814697,18.8279991149902,19.7229995727539,19.8649997711182
"Unemployment, total (% of total labor force) (modeled ILO estimate)",SL.UEM.TOTL.ZS,South Africa,ZAF,..,29.8799991607666,24.7299995422363,24.5599994659424,24.8899993896484,25.1499996185303,26.5400009155273,27.0400009155273,26.9099998474121,28.4699993133545,29.2199993133545,33.5589981079102
"Unemployment, total (% of total labor force) (modeled ILO estimate)",SL.UEM.TOTL.ZS,South Sudan,SSD,..,12.0570001602173,12.1979999542236,12.1280002593994,12.1879997253418,12.2749996185303,12.2950000762939,12.253999710083,12.2370004653931,12.2259998321533,14.0299997329712,13.914999961853
"Unemployment, total (% of total labor force) (modeled ILO estimate)",SL.UEM.TOTL.ZS,Spain,ESP,..,13.789999961853,24.7900009155273,26.0900001525879,24.4400005340576,22.0599994659424,19.6299991607666,17.2199993133545,15.25,14.1000003814697,15.5299997329712,14.7329998016357
"Unemployment, total (% of total labor force) (modeled ILO estimate)",SL.UEM.TOTL.ZS,Sri Lanka,LKA,..,7.73999977111816,3.88000011444092,4.23999977111816,4.19000005722046,4.51999998092651,4.23999977111816,4.05000019073486,4.32000017166138,4.34999990463257,5.87799978256226,5.39499998092651
"Unemployment, total (% of total labor force) (modeled ILO estimate)",SL.UEM.TOTL.ZS,St. Kitts and Nevis,KNA,..,..,..,..,..,..,..,..,..,..,..,..
"Unemployment, total (% of total labor force) (modeled ILO estimate)",SL.UEM.TOTL.ZS,St. Lucia,LCA,..,16.4899997711182,19.0599994659424,22.2099990844727,21.2959995269775,20.5620002746582,19.6490001678467,18.8600006103516,19.0799999237061,15.3199996948242,16.8920001983643,16.9050006866455
"Unemployment, total (% of total labor force) (modeled ILO estimate)",SL.UEM.TOTL.ZS,St. Martin (French part),MAF,..,..,..,..,..,..,..,..,..,..,..,..
"Unemployment, total (% of total labor force) (modeled ILO estimate)",SL.UEM.TOTL.ZS,St. Vincent and the Grenadines,VCT,..,20.9549999237061,18.9650001525879,18.9899997711182,19.05299949646,19.0900001525879,19.1100006103516,19.181999206543,19.1800003051758,19.2800006866455,21.0020008087158,21.6180000305176
"Unemployment, total (% of total labor force) (modeled ILO estimate)",SL.UEM.TOTL.ZS,Sudan,SDN,..,15.2299995422363,17.4549999237061,17.4099998474121,17.4309997558594,17.4899997711182,17.5200004577637,17.5330009460449,17.5799999237061,17.6539993286133,19.6490001678467,19.8050003051758
"Unemployment, total (% of total labor force) (modeled ILO estimate)",SL.UEM.TOTL.ZS,Suriname,SUR,..,12.7379999160767,8.10000038146973,6.59999990463257,6.94000005722046,7.21999979019165,7.92000007629395,7.90399980545044,7.92600011825562,8.03999996185303,9.77799987792969,10.0649995803833
"Unemployment, total (% of total labor force) (modeled ILO estimate)",SL.UEM.TOTL.ZS,Sweden,SWE,..,5.46999979019165,7.98000001907349,8.05000019073486,7.94999980926514,7.42999982833862,6.98999977111816,6.71999979019165,6.3600001335144,6.82999992370605,8.28999996185303,8.66100025177002
"Unemployment, total (% of total labor force) (modeled ILO estimate)",SL.UEM.TOTL.ZS,Switzerland,CHE,..,2.67000007629395,4.48000001907349,4.75,4.82999992370605,4.80000019073486,4.92000007629395,4.80000019073486,4.71000003814697,4.3899998664856,4.82000017166138,5.32100009918213
"Unemployment, total (% of total labor force) (modeled ILO estimate)",SL.UEM.TOTL.ZS,Syrian Arab Republic,SYR,..,9.60400009155273,8.80799961090088,8.82600021362305,8.7209997177124,8.71199989318848,8.72500038146973,8.7519998550415,8.75500011444092,8.77299976348877,10.2569999694824,10.5729999542236
"Unemployment, total (% of total labor force) (modeled ILO estimate)",SL.UEM.TOTL.ZS,Tajikistan,TJK,..,15.1309995651245,9.57600021362305,8.90799999237061,8.22999954223633,7.55399990081787,6.90000009536743,6.9539999961853,7.01200008392334,7.06099987030029,7.58300018310547,7.75400018692017
"Unemployment, total (% of total labor force) (modeled ILO estimate)",SL.UEM.TOTL.ZS,Tanzania,TZA,..,3.06299996376038,3.2279999256134,2.9300000667572,2.11999988555908,2.14299988746643,2.15799999237061,2.17700004577637,2.20600008964539,2.22199988365173,2.52800011634827,2.6489999294281
"Unemployment, total (% of total labor force) (modeled ILO estimate)",SL.UEM.TOTL.ZS,Thailand,THA,..,2.39000010490417,0.579999983310699,0.25,0.579999983310699,0.600000023841858,0.689999997615814,0.829999983310699,0.769999980926514,0.720000028610229,1.10000002384186,1.41799998283386
"Unemployment, total (% of total labor force) (modeled ILO estimate)",SL.UEM.TOTL.ZS,Timor-Leste,TLS,..,3.41300010681152,3.75999999046326,4.01700019836426,4.21000003814697,4.44600009918213,4.65999984741211,4.76000022888184,4.73099994659424,4.50500011444092,4.90500020980835,5.07399988174438
"Unemployment, total (% of total labor force) (modeled ILO estimate)",SL.UEM.TOTL.ZS,Togo,TGO,..,3.98499989509583,2.03399991989136,2.08899998664856,2.14499998092651,2.20000004768372,2.96600008010864,3.74000000953674,3.72900009155273,3.71900010108948,3.9449999332428,4.00400018692017
"Unemployment, total (% of total labor force) (modeled ILO estimate)",SL.UEM.TOTL.ZS,Tonga,TON,..,4.07999992370605,2.06599998474121,2.24200010299683,2.36500000953674,2.54999995231628,2.56900000572205,2.81500005722046,3.0699999332428,3.06200003623962,3.62800002098084,3.96799993515015
"Unemployment, total (% of total labor force) (modeled ILO estimate)",SL.UEM.TOTL.ZS,Trinidad and Tobago,TTO,..,12.1000003814697,3.72000002861023,2.6800000667572,2.48000001907349,2.4300000667572,3.21000003814697,3.27500009536743,3.33699989318848,3.42199993133545,4.56799983978271,4.80499982833862
"Unemployment, total (% of total labor force) (modeled ILO estimate)",SL.UEM.TOTL.ZS,Tunisia,TUN,..,14.9399995803833,17.6299991607666,15.9300003051758,15.0570001602173,15.1599998474121,15.5600004196167,15.3299999237061,15.460000038147,15.1300001144409,16.5919990539551,16.8239994049072
"Unemployment, total (% of total labor force) (modeled ILO estimate)",SL.UEM.TOTL.ZS,Turkiye,TUR,..,6.5,8.14999961853027,8.72999954223633,9.88000011444092,10.2399997711182,10.8400001525879,10.8199996948242,10.8900003433228,13.6700000762939,13.1099996566772,13.3859996795654
"Unemployment, total (% of total labor force) (modeled ILO estimate)",SL.UEM.TOTL.ZS,Turkmenistan,TKM,..,11.53600025177,4.08599996566772,4.1100001335144,4.14499998092651,4.13899993896484,4.16900014877319,4.2039999961853,4.23400020599365,4.26800012588501,4.95100021362305,5.08099985122681
"Unemployment, total (% of total labor force) (modeled ILO estimate)",SL.UEM.TOTL.ZS,Turks and Caicos Islands,TCA,..,..,..,..,..,..,..,..,..,..,..,..
"Unemployment, total (% of total labor force) (modeled ILO estimate)",SL.UEM.TOTL.ZS,Tuvalu,TUV,..,..,..,..,..,..,..,..,..,..,..,..
"Unemployment, total (% of total labor force) (modeled ILO estimate)",SL.UEM.TOTL.ZS,Uganda,UGA,..,3.02600002288818,3.54999995231628,1.9099999666214,1.90600001811981,1.91100001335144,1.91999995708466,1.932000041008,1.92299997806549,1.92499995231628,2.76799988746643,2.93600010871887
"Unemployment, total (% of total labor force) (modeled ILO estimate)",SL.UEM.TOTL.ZS,Ukraine,UKR,..,11.710000038147,7.53000020980835,7.17000007629395,9.27000045776367,9.14000034332275,9.35000038146973,9.5,8.80000019073486,8.1899995803833,9.13199996948242,8.87899971008301
"Unemployment, total (% of total labor force) (modeled ILO estimate)",SL.UEM.TOTL.ZS,United Arab Emirates,ARE,..,2.25,2.18499994277954,2.04399991035461,1.91100001335144,1.76800000667572,1.63999998569489,2.46000003814697,2.35199999809265,2.23000001907349,3.18799996376038,3.35800004005432
"Unemployment, total (% of total labor force) (modeled ILO estimate)",SL.UEM.TOTL.ZS,United Kingdom,GBR,..,5.55999994277954,7.88000011444092,7.51999998092651,6.1100001335144,5.30000019073486,4.80999994277954,4.32999992370605,4,3.74000000953674,4.47200012207031,4.52600002288818
"Unemployment, total (% of total labor force) (modeled ILO estimate)",SL.UEM.TOTL.ZS,United States,USA,..,3.99000000953674,8.06999969482422,7.36999988555908,6.17000007629395,5.28000020980835,4.86999988555908,4.3600001335144,3.90000009536743,3.67000007629395,8.05000019073486,5.46400022506714
"Unemployment, total (% of total labor force) (modeled ILO estimate)",SL.UEM.TOTL.ZS,Uruguay,URY,..,12.6300001144409,6.44999980926514,6.44000005722046,6.55000019073486,7.48999977111816,7.84000015258789,7.8899998664856,8.34000015258789,8.88000011444092,10.3500003814697,10.4469995498657
"Unemployment, total (% of total labor force) (modeled ILO estimate)",SL.UEM.TOTL.ZS,Uzbekistan,UZB,..,12.2270002365112,4.90000009536743,4.90000009536743,5.09999990463257,5.19999980926514,5.19999980926514,5.80000019073486,5.83500003814697,5.84999990463257,7.04099988937378,7.16099977493286
"Unemployment, total (% of total labor force) (modeled ILO estimate)",SL.UEM.TOTL.ZS,Vanuatu,VUT,..,1.68700003623962,1.85199999809265,1.86199998855591,1.80799996852875,1.86199998855591,1.77600002288818,1.74500000476837,1.80900001525879,1.80099999904633,2.11899995803833,2.1800000667572
"Unemployment, total (% of total labor force) (modeled ILO estimate)",SL.UEM.TOTL.ZS,"Venezuela, RB",VEN,..,13.9899997711182,6.59999990463257,7.53999996185303,6.86399984359741,6.07999992370605,5.32000017166138,5.05000019073486,5.02199983596802,5.09600019454956,6.6269998550415,6.41300010681152
"Unemployment, total (% of total labor force) (modeled ILO estimate)",SL.UEM.TOTL.ZS,Vietnam,VNM,..,2.25999999046326,1.02999997138977,1.32000005245209,1.25999999046326,1.85000002384186,1.85000002384186,1.87000000476837,1.1599999666214,2.03999996185303,2.39000010490417,2.16599988937378
"Unemployment, total (% of total labor force) (modeled ILO estimate)",SL.UEM.TOTL.ZS,Virgin Islands (U.S.),VIR,..,11.1090002059937,12.2309999465942,12.7550001144409,12.7910003662109,12.6169996261597,12.6770000457764,12.3249998092651,12.4259996414185,12.4680004119873,13.5450000762939,13.2650003433228
"Unemployment, total (% of total labor force) (modeled ILO estimate)",SL.UEM.TOTL.ZS,West Bank and Gaza,PSE,..,10.6300001144409,19.2000007629395,19.8899993896484,20.5300006866455,23,23.9400005340576,25.6800003051758,26.2600002288818,25.3400001525879,25.8899993896484,24.9029998779297
"Unemployment, total (% of total labor force) (modeled ILO estimate)",SL.UEM.TOTL.ZS,"Yemen, Rep.",YEM,..,11.5579996109009,13.1669998168945,13.2679996490479,13.4700002670288,13.7700004577637,13.4329996109009,13.2969999313354,13.1450004577637,13.0559997558594,13.3909997940063,13.5740003585815
"Unemployment, total (% of total labor force) (modeled ILO estimate)",SL.UEM.TOTL.ZS,Zambia,ZMB,..,12.9300003051758,7.84999990463257,8.61100006103516,9.36200046539307,10.125,10.8719997406006,11.6300001144409,12.0100002288818,12.5200004577637,12.8479995727539,13.0260000228882
"Unemployment, total (% of total labor force) (modeled ILO estimate)",SL.UEM.TOTL.ZS,Zimbabwe,ZWE,..,5.68800020217896,5.15299987792969,4.98199987411499,4.76999998092651,4.77799987792969,4.78800010681152,4.78499984741211,4.7960000038147,4.83300018310547,5.35099983215332,5.17399978637695
"Unemployment, total (% of total labor force) (modeled ILO estimate)",SL.UEM.TOTL.ZS,Africa Eastern and Southern,AFE,..,7.72241021555621,6.56494808354838,6.44722994684588,6.40693834331188,6.50524464942216,6.6137721031963,6.68795160431476,6.69595846374691,6.8734932942252,7.51725296502718,8.05210305280992
"Unemployment, total (% of total labor force) (modeled ILO estimate)",SL.UEM.TOTL.ZS,Africa Western and Central,AFW,..,4.91501443774927,4.64727067901363,4.42055774071997,4.69796083970442,4.63902866914269,5.57622118955993,6.02560393235222,6.04723153478029,6.06921045419759,6.7800106671074,6.84338114757291
"Unemployment, total (% of total labor force) (modeled ILO estimate)",SL.UEM.TOTL.ZS,Arab World,ARB,..,12.4506152039439,10.6680368302663,10.754894443843,10.9078425483051,11.0066534313678,10.7988499574346,10.9343171762254,10.5225065630727,10.0103152702784,11.5202350201292,11.6907448502817
"Unemployment, total (% of total labor force) (modeled ILO estimate)",SL.UEM.TOTL.ZS,Caribbean small states,CSS,..,13.3154772026243,10.9938037995401,11.5073125484712,10.6967213137868,10.4013952064891,10.4704952189874,9.62842710530395,8.59565626671356,7.92767753325594,9.72665726550115,9.66861741257713
"Unemployment, total (% of total labor force) (modeled ILO estimate)",SL.UEM.TOTL.ZS,Central Europe and the Baltics,CEB,..,12.4391768402621,9.97862103728586,10.0484996005022,8.95259958458456,7.81844989510409,6.49016599504303,5.29863219236431,4.31807947757198,3.78255930282154,4.37493910390129,4.50673359700308
"Unemployment, total (% of total labor force) (modeled ILO estimate)",SL.UEM.TOTL.ZS,Early-demographic dividend,EAR,..,6.2339909028416,5.5680805122588,5.64684840903937,5.59615110188063,5.75019276248124,5.76857527775358,5.66351385576122,5.65118077395835,5.54109201694068,7.13597363095504,6.49479405458812
"Unemployment, total (% of total labor force) (modeled ILO estimate)",SL.UEM.TOTL.ZS,East Asia & Pacific,EAS,..,3.53900059095744,4.04169676139992,4.02533574134413,4.00241142348433,4.06718485897138,3.97480409025384,3.85853201933433,3.72831009343906,3.81499919645925,4.31016933989677,4.19695286290034
"Unemployment, total (% of total labor force) (modeled ILO estimate)",SL.UEM.TOTL.ZS,East Asia & Pacific (excluding high income),EAP,..,3.40958569637953,4.0321421006359,4.03421782683835,4.02417591535406,4.09825218231685,4.01211600646947,3.90433930354043,3.78678241923788,3.88913280690409,4.38251743620898,4.28789170028952
"Unemployment, total (% of total labor force) (modeled ILO estimate)",SL.UEM.TOTL.ZS,East Asia & Pacific (IDA & IBRD countries),TEA,..,3.41655268127456,4.05032762601477,4.05255231600976,4.04328747587356,4.11853086008626,4.03099667210993,3.9225742578269,3.80438044467974,3.90884599401432,4.40480213755419,4.31368578588433
"Unemployment, total (% of total labor force) (modeled ILO estimate)",SL.UEM.TOTL.ZS,Euro area,EMU,..,9.42971342848939,11.2866117830663,11.9209386790807,11.5955458797463,10.8355666964785,10.0033688926754,9.04135892068676,8.16567927541974,7.53086597739584,7.82208234831351,7.76318009149218
"Unemployment, total (% of total labor force) (modeled ILO estimate)",SL.UEM.TOTL.ZS,Europe & Central Asia,ECS,..,9.82624248017573,8.96798265087258,9.19984027908749,8.96136681953929,8.56297739412501,8.0901199671104,7.48124426433233,6.90025008619304,6.67135674973362,7.18006174782914,7.11202428944893
"Unemployment, total (% of total labor force) (modeled ILO estimate)",SL.UEM.TOTL.ZS,Europe & Central Asia (excluding high income),ECA,..,10.9806759101737,7.23295454569694,7.24829861358018,7.48827850924244,7.61402462194462,7.62160482733607,7.39731670388644,7.08874192452377,7.26485670263255,7.93344020775043,7.73992715786786
"Unemployment, total (% of total labor force) (modeled ILO estimate)",SL.UEM.TOTL.ZS,Europe & Central Asia (IDA & IBRD countries),TEC,..,11.2630652004024,7.54125806027305,7.59874377568008,7.67731025144722,7.64661578691735,7.47102525996045,7.10996672467554,6.70134943875519,6.77847520678078,7.39250543500828,7.26116093183295
"Unemployment, total (% of total labor force) (modeled ILO estimate)",SL.UEM.TOTL.ZS,European Union,EUU,..,9.8313573469352,10.808436309992,11.3274445035559,10.8470244117424,10.0283886537123,9.11391619018856,8.13318361361829,7.26496469315367,6.69069847974315,7.04557664985935,7.04660756041487
"Unemployment, total (% of total labor force) (modeled ILO estimate)",SL.UEM.TOTL.ZS,Fragile and conflict affected situations,FCS,..,6.11067764238917,5.47174238715792,5.49640624646392,5.78523204254654,5.75708399445624,6.27065548785964,6.60743568376792,6.52784667198307,6.50262192046146,7.38283912812548,7.62324266525612
"Unemployment, total (% of total labor force) (modeled ILO estimate)",SL.UEM.TOTL.ZS,Heavily indebted poor countries (HIPC),HPC,..,5.14900540174096,4.89727687120052,4.7336492316566,4.66809001570659,4.74410395642979,4.68299584784622,4.63879307316299,4.66812333918437,4.68953142458091,5.41545646807448,5.64073869896663
"Unemployment, total (% of total labor force) (modeled ILO estimate)",SL.UEM.TOTL.ZS,High income,HIC,..,6.52835142215438,7.90188204551087,7.81151855460309,7.21449689358805,6.62950322487274,6.14772038603277,5.58802759458442,5.07375977946747,4.77621374643487,6.48947851674403,5.67204563367088
"Unemployment, total (% of total labor force) (modeled ILO estimate)",SL.UEM.TOTL.ZS,IBRD only,IBD,..,6.02205723508657,5.59671432986693,5.59514938657804,5.58985457426655,5.72401480124587,5.83235018585197,5.77458656368124,5.63659871004149,5.66950457647233,6.8873692399278,6.43955998696536
"Unemployment, total (% of total labor force) (modeled ILO estimate)",SL.UEM.TOTL.ZS,IDA & IBRD total,IBT,..,5.71271815908816,5.3119663808179,5.32448906745222,5.30331863976757,5.44732594638794,5.58628105771653,5.57653754038704,5.47545428621269,5.49397601690407,6.61310843832057,6.3060894567399
"Unemployment, total (% of total labor force) (modeled ILO estimate)",SL.UEM.TOTL.ZS,IDA blend,IDB,..,3.79320834738604,3.27295575802095,3.65286436788114,3.50344583551713,4.07739966587441,5.02318061620986,5.63430670320827,5.81298787253982,5.73381967446498,6.61468019263086,6.67343438796338
"Unemployment, total (% of total labor force) (modeled ILO estimate)",SL.UEM.TOTL.ZS,IDA only,IDX,..,4.54809468208793,4.64526642545543,4.58264804799296,4.55088412141927,4.58268388925476,4.54515059801455,4.53780397138697,4.52131995487377,4.52492030930734,5.29939915656435,5.51603637256065
"Unemployment, total (% of total labor force) (modeled ILO estimate)",SL.UEM.TOTL.ZS,IDA total,IDA,..,4.31387326264409,4.21678950816997,4.29468292172558,4.22735635938341,4.42615012404766,4.69257785219755,4.87313019280642,4.91428849262509,4.89207190762366,5.69985916537509,5.8678653719424
"Unemployment, total (% of total labor force) (modeled ILO estimate)",SL.UEM.TOTL.ZS,Late-demographic dividend,LTE,..,5.17387705590995,5.01264824899422,4.99159135141134,4.92122953801381,5.08096575805622,5.24488131110844,5.23198486616254,5.00868792327176,5.14676188863444,5.88830267116982,5.79046301931262
"Unemployment, total (% of total labor force) (modeled ILO estimate)",SL.UEM.TOTL.ZS,Latin America & Caribbean,LCN,..,9.01533424601542,6.41457980981766,6.36207459492073,6.15529141082615,6.63399705316448,7.72689177772514,8.00024430345317,7.88753788096766,7.94854154890533,10.0874719905884,9.99683369396925
"Unemployment, total (% of total labor force) (modeled ILO estimate)",SL.UEM.TOTL.ZS,Latin America & Caribbean (excluding high income),LAC,..,8.69981596280991,6.38138708816072,6.29122905778653,6.08542471083323,6.66601576316727,7.90021061455935,8.20412791037655,8.06636517937468,8.10640640258656,10.1829661410725,10.1564202050108
"Unemployment, total (% of total labor force) (modeled ILO estimate)",SL.UEM.TOTL.ZS,Latin America & the Caribbean (IDA & IBRD countries),TLA,..,9.08624094553211,6.42571271426745,6.3746546378084,6.17754220998256,6.68423267811327,7.81148794739835,8.10209448737757,7.99191536285038,8.05558141991923,10.2251220413714,10.126686471208
"Unemployment, total (% of total labor force) (modeled ILO estimate)",SL.UEM.TOTL.ZS,Least developed countries: UN classification,LDC,..,4.13588469293365,4.49693564822434,4.47690908892384,4.45158732548199,4.51046058647326,4.53340121549556,4.57415910572897,4.5395326236211,4.53970973744713,5.31254156095634,5.53890309084803
"Unemployment, total (% of total labor force) (modeled ILO estimate)",SL.UEM.TOTL.ZS,Low & middle income,LMY,..,5.53846007144774,5.24288035851623,5.24925883063376,5.23884636441875,5.40056795739638,5.55808008182577,5.56121326878112,5.46870264499751,5.49116664675324,6.59796411722893,6.2909531670528
"Unemployment, total (% of total labor force) (modeled ILO estimate)",SL.UEM.TOTL.ZS,Low income,LIC,..,5.12410154248178,5.00525122718396,4.90409089351674,4.91587508776626,5.01501825522882,5.0449848328722,5.06092875566828,5.06807456377707,5.09153032489419,5.81978881194647,6.04535272644067
"Unemployment, total (% of total labor force) (modeled ILO estimate)",SL.UEM.TOTL.ZS,Lower middle income,LMC,..,5.61659886234683,5.03133354164079,5.05146958304403,5.02906688343006,5.18253040374755,5.28185110863519,5.2681427530048,5.22732765898637,5.04536607109951,6.5974308264975,5.86590616970811
"Unemployment, total (% of total labor force) (modeled ILO estimate)",SL.UEM.TOTL.ZS,Middle East & North Africa,MEA,..,11.9340957867709,10.2141313561883,9.97538567510792,10.1035722877342,10.2497216862422,10.3119516215596,10.3325451719345,9.93468670672648,9.18093105141696,10.601051385021,10.6110396967636
"Unemployment, total (% of total labor force) (modeled ILO estimate)",SL.UEM.TOTL.ZS,Middle East & North Africa (excluding high income),MNA,..,13.1140404067104,11.7320024141432,11.4776731659217,11.675398677195,11.9460971575302,12.0717684687981,12.0880964766158,11.6132287035996,10.7341395505499,12.1946081657031,12.1415604976476
"Unemployment, total (% of total labor force) (modeled ILO estimate)",SL.UEM.TOTL.ZS,Middle East & North Africa (IDA & IBRD countries),TMN,..,13.1328306419541,11.6640570615477,11.4001915056253,11.5915643495412,11.835732674537,11.9531435032684,11.9495153651781,11.4630044569813,10.5787475840902,12.0531129801763,12.0063772727983
"Unemployment, total (% of total labor force) (modeled ILO estimate)",SL.UEM.TOTL.ZS,Middle income,MIC,..,5.56955484806362,5.264264040313,5.28084213791528,5.26884221381325,5.43697047074454,5.60749684274099,5.61040932309371,5.50895707661721,5.53212672713599,6.68001370144947,6.31730001750087
"Unemployment, total (% of total labor force) (modeled ILO estimate)",SL.UEM.TOTL.ZS,North America,NAC,..,4.27442837167158,7.98512385240293,7.33708476731774,6.25120780035947,5.45884441257215,5.10338693342298,4.57779233584611,4.11273331230308,3.8912212018439,8.20619188812462,5.69542197467751
"Unemployment, total (% of total labor force) (modeled ILO estimate)",SL.UEM.TOTL.ZS,Not classified,INX,..,..,..,..,..,..,..,..,..,..,..,..
"Unemployment, total (% of total labor force) (modeled ILO estimate)",SL.UEM.TOTL.ZS,OECD members,OED,..,6.77348972471029,8.01531196215421,7.92285781557635,7.40771332100706,6.85276927478867,6.43627383065107,5.90789613190138,5.46852560746879,5.40156425720172,7.10381662920534,6.33928310086812
"Unemployment, total (% of total labor force) (modeled ILO estimate)",SL.UEM.TOTL.ZS,Other small states,OSS,..,13.5111607324394,11.0434543758066,11.194016828851,10.9359101156686,10.8044982741638,10.758301501861,10.4212536882536,10.0975800782057,10.0091309102727,11.3525314839973,11.4165195067759
"Unemployment, total (% of total labor force) (modeled ILO estimate)",SL.UEM.TOTL.ZS,Pacific island small states,PSS,..,3.18833922749404,3.16154860998604,2.97240452720016,2.9407381475664,2.91769880736741,2.86575571490685,2.85288561039444,2.88627506625855,2.90543464079177,3.1619207142037,3.45065737809677
"Unemployment, total (% of total labor force) (modeled ILO estimate)",SL.UEM.TOTL.ZS,Post-demographic dividend,PST,..,6.53490707416471,8.05531777803735,7.95919033656754,7.44222109196106,6.87070784587837,6.40226463569663,5.8357720958386,5.2849126907945,4.95460600460303,6.69689284979159,5.80537651816119
"Unemployment, total (% of total labor force) (modeled ILO estimate)",SL.UEM.TOTL.ZS,Pre-demographic dividend,PRE,..,4.99573208898055,5.17690552004288,5.04269103677334,5.1724258735272,5.17835208519614,5.67478234458994,6.0539797678816,6.11532976085239,6.18482506689312,6.92523286728388,7.06411981316579
"Unemployment, total (% of total labor force) (modeled ILO estimate)",SL.UEM.TOTL.ZS,Small states,SST,..,12.8452512369301,10.5910084016073,10.8053247237484,10.4600283506206,10.3110765618379,10.2939213652748,9.88192958675804,9.44640430150817,9.25732400878441,10.6294876787857,10.6772628187586
"Unemployment, total (% of total labor force) (modeled ILO estimate)",SL.UEM.TOTL.ZS,South Asia,SAS,..,4.90107946389444,4.89915117848496,5.05726477528963,4.95523605123268,5.13871541712865,5.14175173800318,5.11602279328211,5.11781915446749,5.01980828517863,7.24583171686409,5.78819109746856
"Unemployment, total (% of total labor force) (modeled ILO estimate)",SL.UEM.TOTL.ZS,South Asia (IDA & IBRD),TSA,..,4.90107946389444,4.89915117848496,5.05726477528963,4.95523605123268,5.13871541712865,5.14175173800318,5.11602279328211,5.11781915446749,5.01980828517863,7.24583171686409,5.78819109746856
"Unemployment, total (% of total labor force) (modeled ILO estimate)",SL.UEM.TOTL.ZS,Sub-Saharan Africa,SSF,..,6.65688228656138,5.85690608381748,5.71133389712663,5.78886823794907,5.83295265261452,6.24075335008315,6.45022233291717,6.46328283826039,6.58533184821547,7.25184940277391,7.61856242272899
"Unemployment, total (% of total labor force) (modeled ILO estimate)",SL.UEM.TOTL.ZS,Sub-Saharan Africa (excluding high income),SSA,..,6.65688228656138,5.85690608381748,5.71133389712663,5.78886823794907,5.83295265261452,6.24075335008315,6.45022233291717,6.46328283826039,6.58533184821547,7.25184940277391,7.61856242272898
"Unemployment, total (% of total labor force) (modeled ILO estimate)",SL.UEM.TOTL.ZS,Sub-Saharan Africa (IDA & IBRD countries),TSS,..,6.65688228656138,5.85690608381748,5.71133389712663,5.78886823794907,5.83295265261452,6.24075335008315,6.45022233291717,6.46328283826039,6.58533184821547,7.25184940277391,7.61856242272899
"Unemployment, total (% of total labor force) (modeled ILO estimate)",SL.UEM.TOTL.ZS,Upper middle income,UMC,..,5.53015047822371,5.47993640328127,5.49446087249107,5.49334072946562,5.67652505253694,5.91611626689499,5.93765542922781,5.7805139970793,6.00766436438852,6.76041974640647,6.76193797894789
,,,,,,,,,,,,,,,
,,,,,,,,,,,,,,,
,,,,,,,,,,,,,,,
Data from database: World Development Indicators,,,,,,,,,,,,,,,
Last Updated: 12/22/2022,,,,,,,,,,,,,,,
Code,License Type,Indicator Name,Long definition,Source,Topic,Periodicity,Aggregation method,Statistical concept and methodology,Development relevance,Limitations and exceptions,General comments,Notes from original source,License URL
SL.UEM.TOTL.ZS,CC BY-4.0,"Unemployment, total (% of total labor force) (modeled ILO estimate)",Unemployment refers to the share of the labor force that is without work but available for and seeking employment.,"International Labour Organization. ILO Modelled Estimates and Projections database (ILOEST) ILOSTAT. Accessed December 6, 2022. https://ilostat.ilo.org/data/.",Social Protection & Labor: Unemployment,Annual,Weighted average,"The standard definition of unemployed persons is those individuals without work, seeking work in a recent past period, and currently available for work, including people who have lost their jobs or voluntarily left work. In addition, persons who did not look for work but have an arrangement for a future job are also counted as unemployed. Still, some unemployment is unavoidableat any time, some workers are temporarily unemployed between jobs as employers look for the right workers and workers search for better jobs. The labor force or the economically active portion of the population serves as the base for this indicator, not the total population.

The series is part of the "ILO modeled estimates database," including nationally reported observations and imputed data for countries with missing data, primarily to capture regional and global trends with consistent country coverage. Country-reported microdata is based mainly on nationally representative labor force surveys, with other sources (e.g., household surveys and population censuses) considering differences in the data source, the scope of coverage, methodology, and other country-specific factors. Country analysis requires caution where limited nationally reported data are available. A series of models are also applied to impute missing observations and make projections. However, imputed observations are not based on national data, are subject to high uncertainty, and should not be used for country comparisons or rankings. For more information: https://ilostat.ilo.org/resources/concepts-and-definitions/ilo-modelled-estimates/","Paradoxically, low unemployment rates can disguise substantial poverty in a country, while high unemployment rates can occur in countries with a high level of economic development and low rates of poverty. In countries without unemployment or welfare benefits people eke out a living in vulnerable employment. In countries with well-developed safety nets workers can afford to wait for suitable or desirable jobs. But high and sustained unemployment indicates serious inefficiencies in resource allocation.

Youth unemployment is an important policy issue for many economies. Young men and women today face increasing uncertainty in their hopes of undergoing a satisfactory transition in the labour market, and this uncertainty and disillusionment can, in turn, have damaging effects on individuals, communities, economies and society at large. Unemployed or underemployed youth are less able to contribute effectively to national development and have fewer opportunities to exercise their rights as citizens. They have less to spend as consumers, less to invest as savers and often have no "voice" to bring about change in their lives and communities. Widespread youth unemployment and underemployment also prevents companies and countries from innovating and developing competitive advantages based on human capital investment, thus undermining future prospects.

Unemployment is a key measure to monitor whether a country is on track to achieve the Sustainable Development Goal of promoting sustained, inclusive and sustainable economic growth, full and productive employment and decent work for all. [SDG Indicator 8.5.2]","The criteria for people considered to be seeking work, and the treatment of people temporarily laid off or seeking work for the first time, vary across countries. In many cases it is especially difficult to measure employment and unemployment in agriculture. The timing of a survey can maximize the effects of seasonal unemployment in agriculture. And informal sector employment is difficult to quantify where informal activities are not tracked.

There may be also persons not currently in the labour market who want to work but do not actively "seek" work because they view job opportunities as limited, or because they have restricted labour mobility, or face discrimination, or structural, social or cultural barriers. The exclusion of people who want to work but are not seeking work (often called the "hidden unemployed" or "discouraged workers") is a criterion that will affect the unemployment count of both women and men. 

However, women tend to be excluded from the count for various reasons. Women suffer more from discrimination and from structural, social, and cultural barriers that impede them from seeking work. Also, women are often responsible for the care of children and the elderly and for household affairs. They may not be available for work during the short reference period, as they need to make arrangements before starting work. Further, women are considered to be employed when they are working part-time or in temporary jobs, despite the instability of these jobs or their active search for more secure employment.",National estimates are also available in the WDI database. Caution should be used when comparing ILO estimates with national estimates.,"Given the exceptional situation, including the scarcity of relevant data, the  ILO modeled estimates and projections from 2020 onwards are subject to substantial uncertainty.",https://datacatalog.worldbank.org/public-licenses#cc-by
